<?xml version="1.0" encoding="UTF-8"?><!--
  ~ Copyright (c) 2001-2007, TIBCO Software Inc.
  ~ Use, modification, and distribution subject to terms of license.
  --><data jsxid="jsxroot">
	<record group="object" include="master.xml"/>
	
	<record group="axis" include="master.xml">
		<record docdefault="&lt;code&gt;TRUE (jsx3.Boolean.TRUE)&lt;/code&gt;" docgetter="getAutoAdjust" docsetter="setAutoAdjust" eval="1" jsxexecute="objJSX.autoAdjust=vntValue;objJSX.getChart().repaint();" jsxid="autoAdjust" jsxmask="jsxselect" jsxtext="Auto Adjust" jsxtip="Sets whether to adjust the range of the axis based on the data in the chart.">
			<enum jsxid="jsx3.Boolean.TRUE" jsxtext="TRUE"/>
			<enum jsxid="jsx3.Boolean.FALSE" jsxtext="FALSE"/>
		</record>
		<record docdefault="&lt;code&gt;TRUE (jsx3.Boolean.TRUE)&lt;/code&gt;" docgetter="getBaseAtZero" docsetter="setBaseAtZero" eval="1" jsxexecute="objJSX.baseAtZero=vntValue;objJSX.getChart().repaint();" jsxid="baseAtZero" jsxmask="jsxselect" jsxtext="Base At Zero" jsxtip="Sets whether to set one end of the axis to the value of 0 if the chart data fits exclusively on either side of 0.">
			<enum jsxid="jsx3.Boolean.TRUE" jsxtext="TRUE"/>
			<enum jsxid="jsx3.Boolean.FALSE" jsxtext="FALSE"/>
		</record>
		<record docdefault="If Auto Adjust is set to &lt;code&gt;true&lt;/code&gt;, chart data is evaluated and appropriate value is applied. If Auto Adjust is set to &lt;code&gt;false&lt;/code&gt;, default is &lt;code&gt;0&lt;/code&gt;." docgetter="getMin" docsetter="setMin" eval="1" jsxexecute="objJSX.min=vntValue;objJSX.getChart().repaint();" jsxid="min" jsxmask="jsxtext" jsxtext="Minimum Value" jsxtip="Sets the minimum value to display."/>
		<record docdefault="If Auto Adjust is set to &lt;code&gt;true&lt;/code&gt;, chart data is evaluated and appropriate value is applied. If Auto Adjust is set to &lt;code&gt;false&lt;/code&gt;, default is &lt;code&gt;100&lt;/code&gt;." docgetter="getMax" docsetter="setMax" eval="1" jsxexecute="objJSX.max=vntValue;objJSX.getChart().repaint();" jsxid="max" jsxmask="jsxtext" jsxtext="Maximum Value" jsxtip="Sets the maximum value to display."/>
		<record docdefault="If Auto Adjust is set to &lt;code&gt;true&lt;/code&gt;, chart data is evaluated and appropriate value is applied. If Auto Adjust is set to &lt;code&gt;false&lt;/code&gt;, default is &lt;code&gt;20&lt;/code&gt;." docgetter="getInterval" docsetter="setInterval" eval="1" jsxexecute="objJSX.interval=vntValue;objJSX.getChart().repaint();" jsxid="interval" jsxmask="jsxtext" jsxtext="Interval" jsxtip="Sets the interval between major ticks."/>
	</record>

	<record group="axisticks" include="master.xml"/>
	<record group="axislabels" include="master.xml"/>
	<record group="interaction_menuonly" include="master.xml"/>
</data>