<?xml version="1.0" encoding="ISO-8859-1"?>
<project>
  <pomVersion>3</pomVersion>
  <id>dwr</id>
  <groupId>org.directwebremoting</groupId>
  <name>Direct Web Remoting</name>
  <currentVersion>2.0.5</currentVersion>
  <package>org.directwebremoting</package>
  <package>uk.ltd.getahead.dwr</package>
  <developers>
    <developer>
      <name>Joe Walker</name>
      <id>joe_walker</id>
    </developer>
  </developers>
  <dependencies>
    <dependency>
      <groupId>servletapi</groupId>
      <artifactId>servletapi</artifactId>
      <version>2.3</version>
      <url>http://java.sun.com/</url>
    </dependency>
    <dependency>
      <groupId>dom4j</groupId>
      <artifactId>dom4j</artifactId>
      <version>1.5</version>
      <url>http://www.dom4j.org/</url>
    </dependency>
    <dependency>
      <groupId>jdom</groupId>
      <artifactId>jdom</artifactId>
      <version>1.0</version>
      <url>http://www.jdom.org/</url>
    </dependency>
    <dependency>
      <groupId>hibernate</groupId>
      <artifactId>hibernate</artifactId>
      <version>3.0.5</version>
      <url>http://www.hibernate.org/</url>
    </dependency>
    <dependency>
      <groupId>commons-logging</groupId>
      <artifactId>commons-logging</artifactId>
      <version>1.0.4</version>
      <url>http://jakarta.apache.org/commons/logging/</url>
    </dependency>
    <dependency>
      <groupId>bsf</groupId>
      <artifactId>bsf</artifactId>
      <version>2.3.0</version>
      <url>http://jakarta.apache.org/bsf/</url>
    </dependency>
    <dependency>
      <groupId>springframework</groupId>
      <artifactId>spring-core</artifactId>
      <version>1.2.1</version>
      <url>http://www.springframework.org/</url>
    </dependency>
    <dependency>
      <groupId>springframework</groupId>
      <artifactId>spring-beans</artifactId>
      <version>1.2.1</version>
      <url>http://www.springframework.org/</url>
    </dependency>
    <dependency>
      <groupId>springframework</groupId>
      <artifactId>spring-context</artifactId>
      <version>1.2.1</version>
      <url>http://www.springframework.org/</url>
    </dependency>
    <dependency>
      <groupId>springframework</groupId>
      <artifactId>spring-web</artifactId>
      <version>1.2.1</version>
      <url>http://www.springframework.org/</url>
    </dependency>
    <dependency>
      <groupId>springframework</groupId>
      <artifactId>spring-webmvc</artifactId>
      <version>1.2.1</version>
      <url>http://www.springframework.org/</url>
    </dependency>
    <dependency>
      <groupId>xml-apis</groupId>
      <artifactId>xml-apis</artifactId>
      <version>1.0.b2</version>
      <url>http://www.howwouldiknow.com/</url>
    </dependency>
    <dependency>
      <groupId>xom</groupId>
      <artifactId>xom</artifactId>
      <version>1.1d2</version>
      <url>http://www.xom.nu/</url>
    </dependency>
  </dependencies>
  <build defaultGoal="jar">
    <sourceDirectory>java</sourceDirectory>
    <!-- 
      <unitTestSourceDirectory>test</unitTestSourceDirectory>
      <unitTest>
      <includes>
      <include>**/*Test.java</include>
      </includes>
      </unitTest>
    -->
   <resources>
    <resource>
     <directory>java</directory>
      <includes>
       <include>**/*</include>
      </includes>
      <excludes>
       <exclude>**/*.java</exclude>
       <exclude>**/package.html</exclude>
      </excludes>
     </resource>
    </resources>
  </build>
  <reports>
    <report>maven-checkstyle-plugin</report>
    <report>maven-javadoc-plugin</report>
    <report>maven-jdepend-plugin</report>
    <report>maven-junit-report-plugin</report>
    <report>maven-pmd-plugin</report>
    <report>maven-simian-plugin</report>
    <report>maven-license-plugin</report>
  </reports>
</project>
