<?xml version="1.0" encoding="UTF-8"?><!--
  ~ Copyright (c) 2001-2007, TIBCO Software Inc.
  ~ Use, modification, and distribution subject to terms of license.
  --><serialization xmlns="urn:tibco.com/v3.0">
 <name><![CDATA[Bar - Stacked 100%]]></name>
 <icon><![CDATA[icons/stacked100Bar.gif]]></icon>
 <description><![CDATA[a sample bar chart of type 'Stacked 100%']]></description>
 <onBeforeDeserialize/>
 <onAfterDeserialize/>
  <object type="jsx3.chart.BarChart">
   <dynamics/>
   <variants alpha="1" borderAlpha="1" borderWidth="1" categoryCoverage="0.65" jsxheight="300" jsxleft="0" jsxrelativeposition="1" jsxtop="0" jsxwidth="400" loadState="1" seriesOverlap="0.3"/>
   <strings borderColor="#999999" dataPadding="14 10 6 6" jsxbgcolor="#FFFFFF" jsxname="stacked100BarChart" jsxxml="&lt;data jsxid=&quot;jsxroot&quot;&gt;&lt;record cat=&quot;Argentina&quot; g=&quot;5&quot; m=&quot;10&quot; b=&quot;20&quot;/&gt;&lt;record cat=&quot;Brazil&quot; g=&quot;7&quot; m=&quot;25&quot; b=&quot;7&quot;/&gt;&lt;record cat=&quot;Chile&quot; g=&quot;22&quot; m=&quot;15&quot; b=&quot;4&quot;/&gt;&lt;record cat=&quot;Colombia&quot; g=&quot;10&quot; m=&quot;20&quot; b=&quot;10&quot;/&gt;&lt;record cat=&quot;Peru&quot; g=&quot;5&quot; m=&quot;20&quot; b=&quot;4&quot;/&gt;&lt;record cat=&quot;Uruguay&quot; g=&quot;17&quot; m=&quot;10&quot; b=&quot;4&quot;/&gt;&lt;record cat=&quot;Venezuela&quot; g=&quot;20&quot; m=&quot;20&quot; b=&quot;10&quot;/&gt;&lt;/data&gt;" legendPlacement="right" titlePlacement="top" type="stacked100"/>
    <object type="jsx3.chart.Legend">
     <dynamics/>
     <variants boxHeight="10" boxSpace="6" lineHeight="22" preferredWidth="110" titleSpace="8"/>
     <strings backgroundStroke="#AAAAAA" jsxmargin="10 10 10 4" jsxname="legend" jsxpadding="4 4 0 4" labelStyle="font-family: Verdana; font-weight: bold; font-size: 10px;"/>
      <object type="jsx3.chart.ChartLabel">
       <dynamics/>
       <variants jsxfontsize="12" labelRotation="0"/>
       <strings jsxfontname="Arial" jsxfontweight="bold" jsxname="legendTitle" jsxtext="Legend" jsxtextalign="center"/>
      </object>
    </object>
    <object type="jsx3.chart.ChartLabel">
     <dynamics/>
     <variants jsxfontsize="14" labelRotation="0"/>
     <strings jsxbgcolor="#666666" jsxcolor="#FFFFFF" jsxfontname="Arial" jsxfontweight="bold" jsxname="title" jsxpadding="4 0 0 0" jsxtext="Stacked 100% Bar Chart" jsxtextalign="center"/>
    </object>
    <object type="jsx3.chart.LinearAxis">
     <dynamics/>
     <variants autoAdjust="1" baseAtZero="1" horizontal="1" interval="25" labelGap="3" max="100" minorTickDivisions="4" minorTickLength="2" primary="1" showAxis="1" showLabels="1" tickLength="3"/>
     <strings axisStroke="#000000 1 1" jsxname="xAxis" labelFunction="jsx3.chart.Axis.percent" labelPlacement="axis" labelStyle="font-size: 8px; font-family: Verdana;" minorTickPlacement="outside" minorTickStroke="#666666 1" tickAlignment="aligned" tickPlacement="outside" tickStroke="#000000 1 1"/>
    </object>
    <object type="jsx3.chart.CategoryAxis">
     <dynamics/>
     <variants displayWidth="45" horizontal="0" labelGap="3" minorTickDivisions="4" minorTickLength="3" numCategories="7" numSeries="3" primary="1" showAxis="1" showLabels="1" tickLength="3"/>
     <strings axisStroke="#000000 1 1" categoryField="cat" jsxname="yAxis" labelPlacement="low" labelStyle="font-size: 8px; font-family: Verdana; text-align: right;" minorTickPlacement="none" minorTickStroke="#000000 1 1" tickAlignment="between" tickPlacement="outside" tickStroke="#000000 1 1"/>
    </object>
    <object type="jsx3.chart.GridLines">
     <dynamics/>
     <variants horizontalAbove="1" strokeMajorV="['#CCCCCC']" strokeMinorV="['#EEEEEE']" useXPrimary="1" useYPrimary="1"/>
     <strings borderStroke="#CCCCCC 1" jsxname="bgGrid"/>
    </object>
    <object type="jsx3.chart.BarSeries">
     <dynamics/>
     <variants index="0" usePrimaryX="1" usePrimaryY="1"/>
     <strings fill="#2233FF" jsxname="series1" seriesName="Favorable" stroke="#2233FF" tooltipFunction="jsx3.chart.BarSeries.tooltip" xField="g"/>
    </object>
    <object type="jsx3.chart.BarSeries">
     <dynamics/>
     <variants index="1" usePrimaryX="1" usePrimaryY="1"/>
     <strings fill="#AAAAAA" jsxname="series2" seriesName="Neutral" stroke="#AAAAAA" tooltipFunction="jsx3.chart.BarSeries.tooltip" xField="m"/>
    </object>
    <object type="jsx3.chart.BarSeries">
     <dynamics/>
     <variants index="2" usePrimaryX="1" usePrimaryY="1"/>
     <strings fill="#FF2233" jsxname="series3" seriesName="Unfavorable" stroke="#FF2233" tooltipFunction="jsx3.chart.BarSeries.tooltip" xField="b"/>
    </object>
  </object>
</serialization>