<?xml version="1.0" encoding="UTF-8"?><!--
  ~ Copyright (c) 2001-2007, TIBCO Software Inc.
  ~ Use, modification, and distribution subject to terms of license.
  --><serialization xmlns="urn:tibco.com/v3.0">
 <name><![CDATA[Column - Stacked 100%]]></name>
 <icon><![CDATA[icons/stacked100Column.gif]]></icon>
 <description><![CDATA[a sample column chart of type 'Stacked 100%']]></description>
 <onBeforeDeserialize/>
 <onAfterDeserialize/>
  <object type="jsx3.chart.ColumnChart">
   <dynamics/>
   <variants alpha="1" borderAlpha="1" borderWidth="1" categoryCoverage="1" jsxheight="300" jsxleft="0" jsxrelativeposition="1" jsxtop="0" jsxwidth="400" loadState="1"/>
   <strings borderColor="#999999" dataPadding="14 10 6 6" jsxbgcolor="#FFFFFF" jsxname="stacked100ColumnChart" jsxxml="&lt;data jsxid=&quot;jsxroot&quot;&gt;&lt;record cat=&quot;CA&quot; s1=&quot;20&quot; s2=&quot;15&quot;/&gt; &lt;record cat=&quot;OR&quot; s1=&quot;30&quot; s2=&quot;35&quot;/&gt; &lt;record cat=&quot;WA&quot; s1=&quot;10&quot; s2=&quot;30&quot;/&gt; &lt;record cat=&quot;NV&quot; s1=&quot;4&quot; s2=&quot;3&quot;/&gt; &lt;record cat=&quot;AZ&quot; s1=&quot;65&quot; s2=&quot;15&quot;/&gt; &lt;record cat=&quot;NM&quot; s1=&quot;55&quot; s2=&quot;20&quot;/&gt; &lt;record cat=&quot;UT&quot; s1=&quot;15&quot; s2=&quot;25&quot;/&gt; &lt;/data&gt;" legendPlacement="right" titlePlacement="top" type="stacked100"/>
    <object type="jsx3.chart.ChartLabel">
     <dynamics/>
     <variants jsxfontsize="14" labelRotation="0"/>
     <strings jsxbgcolor="#666666" jsxcolor="#FFFFFF" jsxfontname="Arial" jsxfontweight="bold" jsxname="title" jsxpadding="4 0 0 0" jsxtext="Stacked 100% Column Chart" jsxtextalign="center"/>
    </object>
    <object type="jsx3.chart.CategoryAxis">
     <dynamics/>
     <variants horizontal="1" labelGap="3" minorTickDivisions="4" minorTickLength="3" numCategories="7" numSeries="2" primary="1" showAxis="1" showLabels="1" tickLength="3"/>
     <strings axisStroke="#000000 1 1" categoryField="cat" jsxname="xAxis" labelPlacement="low" labelStyle="font-size: 8px; font-family: Verdana;" minorTickPlacement="none" minorTickStroke="#000000 1 1" tickAlignment="between" tickPlacement="outside" tickStroke="#000000 1 1"/>
      <object type="jsx3.chart.ChartLabel">
       <dynamics/>
       <variants jsxfontsize="12" labelRotation="0"/>
       <strings jsxfontname="Arial" jsxfontweight="bold" jsxname="xLabel" jsxtext="State" jsxtextalign="center"/>
      </object>
    </object>
    <object type="jsx3.chart.LinearAxis">
     <dynamics/>
     <variants autoAdjust="1" baseAtZero="1" displayWidth="25" horizontal="0" labelGap="3" max="105" minorTickDivisions="4" minorTickLength="2" primary="1" showAxis="1" showLabels="1" tickLength="3"/>
     <strings axisStroke="#000000 1 1" jsxname="yAxis" labelFunction="jsx3.chart.Axis.percent" labelPlacement="axis" labelStyle="font-size: 8px; font-family: Verdana; text-align: right;" minorTickPlacement="outside" minorTickStroke="#666666 1" tickAlignment="aligned" tickPlacement="cross" tickStroke="#000000 1 1"/>
      <object type="jsx3.chart.ChartLabel">
       <dynamics/>
       <variants jsxfontsize="12" labelRotation="270"/>
       <strings jsxfontname="Arial" jsxfontweight="bold" jsxname="yTitle" jsxtext="Property Damage" jsxtextalign="center"/>
      </object>
    </object>
    <object type="jsx3.chart.GridLines">
     <dynamics/>
     <variants horizontalAbove="1" inForeground="0" strokeMajorH="['#CCCCCC']" useXPrimary="1" useYPrimary="1"/>
     <strings jsxname="bgGrid"/>
    </object>
    <object type="jsx3.chart.ColumnSeries">
     <dynamics/>
     <variants index="0" usePrimaryX="1" usePrimaryY="1"/>
     <strings fill="#FFFF00" fillGradient="#FF0000" jsxname="series1" seriesName="Fires" stroke="#FF9900" tooltipFunction="jsx3.chart.ColumnSeries.tooltip" yField="s1"/>
    </object>
    <object type="jsx3.chart.ColumnSeries">
     <dynamics/>
     <variants index="1" usePrimaryX="1" usePrimaryY="1"/>
     <strings fill="#6699FF" fillGradient="#FFFFFF" jsxname="series2" seriesName="Storms" stroke="#6699FF" tooltipFunction="jsx3.chart.ColumnSeries.tooltip" yField="s2"/>
    </object>
    <object type="jsx3.chart.Legend">
     <dynamics/>
     <variants boxHeight="10" boxSpace="6" lineHeight="22" preferredWidth="85" titleSpace="8"/>
     <strings backgroundStroke="#BBBBBB" jsxmargin="10 10 10 4" jsxname="legend" jsxpadding="4 4 0 4" labelStyle="font-size: 10px; font-weight: bold;"/>
      <object type="jsx3.chart.ChartLabel">
       <dynamics/>
       <variants jsxfontsize="12" labelRotation="0"/>
       <strings jsxfontname="Arial" jsxfontweight="bold" jsxname="legendTitle" jsxtext="Legend" jsxtextalign="center"/>
      </object>
    </object>
  </object>
</serialization>