<?xml version="1.0" encoding="UTF-8"?><!--
  ~ Copyright (c) 2001-2007, TIBCO Software Inc.
  ~ Use, modification, and distribution subject to terms of license.
  --><serialization xmlns="urn:tibco.com/v3.0">
 <name><![CDATA[Bubble]]></name>
 <icon><![CDATA[icons/bubbleSeries.gif]]></icon>
 <description><![CDATA[the series type for a bubble chart]]></description>
 <onBeforeDeserialize/>
 <onAfterDeserialize/>
  <object type="jsx3.chart.BubbleSeries">
   <dynamics/>
   <variants usePrimaryX="1" usePrimaryY="1"/>
   <strings jsxname="bubbleSeries" renderer="jsx3.chart.PointRenderer.CIRCLE" seriesName="Bubble Series" tooltipFunction="jsx3.chart.BubbleSeries.tooltip"/>
  </object>
</serialization>