<?xml version="1.0" encoding="UTF-8"?><!--
  ~ Copyright (c) 2001-2007, TIBCO Software Inc.
  ~ Use, modification, and distribution subject to terms of license.
  --><serialization xmlns="urn:tibco.com/v3.0">
 <name><![CDATA[Point]]></name>
 <icon><![CDATA[icons/scatterSeries.gif]]></icon>
 <description><![CDATA[the series type for a point chart]]></description>
 <onBeforeDeserialize/>
 <onAfterDeserialize/>
  <object type="jsx3.chart.PointSeries">
   <dynamics/>
   <variants usePrimaryX="1" usePrimaryY="1"/>
   <strings jsxname="pointSeries" renderer="jsx3.chart.PointRenderer.CIRCLE" seriesName="Point Series" tooltipFunction="jsx3.chart.PointSeries.tooltip"/>
  </object>
</serialization>